{"errors":[],"warnings":[],"namedChunkGroups":{"app":{"chunks":[6,5,0,1],"assets":["webpack-runtime-aa7f6d1d7dabdcb22958.js","webpack-runtime-aa7f6d1d7dabdcb22958.js.map","styles.b386a2015f1863902ef0.css","styles-8731d4d95e2f76c0dac6.js","styles-8731d4d95e2f76c0dac6.js.map","commons-ec0effa1b45407103bbe.js","commons-ec0effa1b45407103bbe.js.map","app-1a4624402e12ede44587.js","app-1a4624402e12ede44587.js.map"],"children":{},"childAssets":{}},"component---src-templates-blog-post-js":{"chunks":[0,4],"assets":["commons-ec0effa1b45407103bbe.js","commons-ec0effa1b45407103bbe.js.map","component---src-templates-blog-post-js-1be1144f8fb66245b289.js","component---src-templates-blog-post-js-1be1144f8fb66245b289.js.map"],"children":{},"childAssets":{}},"component---src-pages-404-js":{"chunks":[0,2],"assets":["commons-ec0effa1b45407103bbe.js","commons-ec0effa1b45407103bbe.js.map","component---src-pages-404-js-ba8fab707f547b8d2140.js","component---src-pages-404-js-ba8fab707f547b8d2140.js.map"],"children":{},"childAssets":{}},"component---src-pages-index-js":{"chunks":[0,3],"assets":["commons-ec0effa1b45407103bbe.js","commons-ec0effa1b45407103bbe.js.map","component---src-pages-index-js-665b60a773cc9030f05b.js","component---src-pages-index-js-665b60a773cc9030f05b.js.map"],"children":{},"childAssets":{}}},"assetsByChunkName":{"app":["webpack-runtime-aa7f6d1d7dabdcb22958.js","styles.b386a2015f1863902ef0.css","styles-8731d4d95e2f76c0dac6.js","commons-ec0effa1b45407103bbe.js","app-1a4624402e12ede44587.js"],"component---src-templates-blog-post-js":["commons-ec0effa1b45407103bbe.js","component---src-templates-blog-post-js-1be1144f8fb66245b289.js"],"component---src-pages-404-js":["commons-ec0effa1b45407103bbe.js","component---src-pages-404-js-ba8fab707f547b8d2140.js"],"component---src-pages-index-js":["commons-ec0effa1b45407103bbe.js","component---src-pages-index-js-665b60a773cc9030f05b.js"]}}